"","GISJOIN2","ZIP_4","ZIP","Zip_short","State","GISJOIN","FIPS","ADI_NATRANK","ADI_STATERANK","TYPE","ATLAS_EPA_GIS_MATCH","OBJECTID","GEOID10","GEOID20","STATEFP","COUNTYFP","TRACTCE","BLKGRPCE","CSA","CSA_Name","CBSA","CBSA_Name","CBSA_POP","CBSA_EMP","CBSA_WRK","Ac_Total","Ac_Water","Ac_Land","Ac_Unpr","TotPop","CountHU","HH","P_WrkAge","AutoOwn0","Pct_AO0","AutoOwn1","Pct_AO1","AutoOwn2p","Pct_AO2p","Workers","R_LowWageWk","R_MedWageWk","R_HiWageWk","R_PCTLOWWAGE","TotEmp","E5_Ret","E5_Off","E5_Ind","E5_Svc","E5_Ent","E8_Ret","E8_off","E8_Ind","E8_Svc","E8_Ent","E8_Ed","E8_Hlth","E8_Pub","E_LowWageWk","E_MedWageWk","E_HiWageWk","E_PctLowWage","D1A","D1B","D1C","D1C5_RET","D1C5_OFF","D1C5_IND","D1C5_SVC","D1C5_ENT","D1C8_RET","D1C8_OFF","D1C8_IND","D1C8_SVC","D1C8_ENT","D1C8_ED","D1C8_HLTH","D1C8_PUB","D1D","D1_FLAG","D2A_JPHH","D2B_E5MIX","D2B_E5MIXA","D2B_E8MIX","D2B_E8MIXA","D2A_EPHHM","D2C_TRPMX1","D2C_TRPMX2","D2C_TRIPEQ","D2R_JOBPOP","D2R_WRKEMP","D2A_WRKEMP","D2C_WREMLX","D3A","D3AAO","D3AMM","D3APO","D3B","D3BAO","D3BMM3","D3BMM4","D3BPO3","D3BPO4","D4A","D4B025","D4B050","D4C","D4D","D4E","D5AR","D5AE","D5BR","D5BE","D5CR","D5CRI","D5CE","D5CEI","D5DR","D5DRI","D5DE","D5DEI","D2A_Ranked","D2B_Ranked","D3B_Ranked","D4A_Ranked","NatWalkInd","Shape_Length","Shape_Area"
"1","G08005900098351",800052293,"80005-2293",80005,"CO","G08005900098351",80590098351,"18","4",NA,"Match",57584,80590098351,80590098351,"08","059","009835",1,216,"Denver-Aurora, CO",19740,"Denver-Aurora-Lakewood, CO",2850221,1450715,1395732,242.3625988,14.7064036,227.6561952,214.91961,1990,730,730,0.618,0,0,155,0.212328767,575,0.787671233,1040,204,268,568,0.196153846,61,2,6,14,34,5,2,4,14,24,5,0,10,2,13,17,31,0.213114754,3.396618857,9.259276061,0.283827055,0.009305805,0.027917415,0.065140636,0.158198686,0.023264513,0.009305805,0.01861161,0.065140636,0.111669661,0.023264513,0,0.046529025,0.009305805,3.680445912,0,0.083561644,0.751063603,0.751063603,0.826891114,0.77379228,0.203649757,0.29031804,0.311509778,0.007381662,0.059483179,0.110808356,17.04918033,1.07e-07,31.09399605,2.451552768,0.196658628,28.44578465,194.983141,5.622513364,0,0,208.0329945,56.22513364,-99999,0,0,-99999,-99999,-99999,87143,82583,-99999,-99999,0.000451943,0.3919393,0.000511254,0.499918277,-99999,-99999,-99999,-99999,3,18,19,1,10.16666667,4319.220058,980826.6176
"2","G12007100502071",339676206,"33967-6206",33967,"FL","G12007100502131",120710502131,"31","3",NA,"No",70109,1.20711e+11,1.20711e+11,"12","071","050207",1,163,"Cape Coral-Fort Myers-Naples, FL",15980,"Cape Coral-Fort Myers, FL",718679,248981,267597,779.6286694,47.3769772,732.2516922,732.2516922,2537,1613,1145,0.515,10,0.008733624,472,0.412227074,663,0.579039301,936,218,262,456,0.232905983,343,85,12,82,83,81,85,12,82,66,81,0,17,0,99,147,97,0.288629738,2.2027945,3.464655701,0.468418173,0.116080305,0.016387808,0.111983353,0.113349004,0.110617703,0.116080305,0.016387808,0.111983353,0.090132943,0.110617703,0,0.023216061,0,2.671212673,0,0.299563319,0.925358242,0.925358242,0.89967125,0.775205481,0.492919927,0.629435277,0.677405975,0.576971111,0.238194444,0.536356529,2.728862974,0.177486102,13.78334682,1.762121374,0.476922891,11.54430255,30.31263736,1.748032833,3.496065666,0,36.70868949,3.496065666,-99999,0,0,2.67,2.333623832,0.001052424,20510,20248,-99999,-99999,0.001980289,0.392318139,0.002029812,0.575717941,-99999,-99999,-99999,-99999,10,18,7,1,7.333333333,8029.05995,3155115.535
"3","G17017700001001",610180237,"61018-0237",61018,"IL","G17017700001001",171770001001,"77","8",NA,"Match",85650,1.7177e+11,1.7177e+11,"17","177","000100",1,466,"Rockford-Freeport-Rochelle, IL",23300,"Freeport, IL",45433,16925,21245,27829.38027,0,27829.38027,27812.41503,1363,550,501,0.599,12,0.023952096,147,0.293413174,342,0.682634731,586,133,173,280,0.226962457,797,18,0,615,164,0,18,0,615,0,0,164,0,0,102,313,382,0.127979925,0.019775341,0.049006891,0.028656267,0.000647193,0,0.022112427,0.005896647,0,0.000647193,0,0.022112427,0,0,0.005896647,0,0,0.048431609,0,1.590818363,0.556123845,0.379613581,0.556123845,0.293811813,0.75168778,0.595070269,0.511050382,0.836366366,0.737962963,0.847433116,0.735257215,0.767403312,2.105355612,0.599106446,1.390069417,0.116179748,1.157912957,0.850899293,0.643923789,0.137983669,0.50594012,0.25297006,-99999,0,0,-99999,-99999,-99999,7951,9376,-99999,-99999,0.018139591,0.563501063,0.019199423,0.626737968,-99999,-99999,-99999,-99999,18,4,2,1,4.666666667,58280.64341,112623970.8
"4","G17020100036051",611031644,"61103-1644",61103,"IL","G17020100036051",172010036051,"91","10",NA,"Match",88391,1.7201e+11,1.7201e+11,"17","201","003605",1,466,"Rockford-Freeport-Rochelle, IL",40420,"Rockford, IL",339780,141325,153746,399.7304577,0,399.7304577,399.73046,1495,814,682,0.501,173,0.253665689,276,0.404692082,233,0.341642229,540,169,244,127,0.312962963,455,91,14,0,350,0,91,14,0,61,0,130,159,0,176,204,75,0.386813187,2.036372209,3.740020213,1.138267021,0.227653404,0.035023601,0,0.875590016,0,0.227653404,0.035023601,0,0.152602831,0,0.325219149,0.397768036,0,3.174639231,0,0.667155425,0.574198317,0.391951328,0.884619476,0.684674271,0.667623301,0.526979413,0.586677091,0.658244393,0.466666667,0.914572864,1.186813187,0.829598702,10.5089735,0,2.359909438,8.149064066,52.85481652,0,6.404315585,8.005394481,51.23452468,6.404315585,-99999,0,0,-99999,-99999,-99999,33670,35848,-99999,-99999,0.003112455,0.625,0.003279343,0.731412715,-99999,-99999,-99999,-99999,15,15,10,1,8.666666667,5224.087222,1617686.379
"5","G17020100039031",610809491,"61080-9491",61080,"IL","G17020100039031",172010039031,"23","2",NA,"Match",89742,1.7201e+11,1.7201e+11,"17","201","003903",1,466,"Rockford-Freeport-Rochelle, IL",40420,"Rockford, IL",339780,141325,153746,4717.243029,0.0054362,4717.237593,4717.237593,1726,566,566,0.552,0,0,36,0.06360424,530,0.93639576,788,156,176,456,0.197969543,234,7,1,186,28,12,7,1,186,28,12,0,0,0,33,102,99,0.141025641,0.119985476,0.365892107,0.049605303,0.001483919,0.000211988,0.039429856,0.005935677,0.002543862,0.001483919,0.000211988,0.039429856,0.005935677,0.002543862,0,0,0,0.169590779,0,0.413427562,0.445593488,0.445593488,0.445593488,0.34487868,0.454381773,0.467440951,0.424428435,0.104918233,0.23877551,0.457925636,3.367521368,0.093712718,4.193160018,1.50996342,1.412128753,1.271067846,4.931564192,1.899416729,2.442107223,0.135672624,3.934506082,0.542690494,-99999,0,0,-99999,-99999,-99999,22572,26497,-99999,-99999,0.002086556,0.418993169,0.002423922,0.540622705,-99999,-99999,-99999,-99999,9,5,4,1,4,17356.83427,19090416.43
"6","G27005500209002",55974,"55974",55974,"MN","G27005500209002",270550209002,"67","9",NA,"Match",129112,2.7055e+11,2.7055e+11,"27","055","020900",2,NA,"",29100,"La Crosse-Onalaska, WI-MN",136513,77745,68097,39050.06204,73.0701881,38976.99185,38976.99185,1337,609,576,0.503,60,0.104166667,156,0.270833333,360,0.625,682,192,241,249,0.281524927,494,48,12,200,195,39,48,10,200,63,39,0,132,2,192,154,148,0.388663968,0.015624602,0.034302288,0.012674144,0.001231496,0.000307874,0.005131232,0.005002952,0.00100059,0.001231496,0.000256562,0.005131232,0.001616338,0.00100059,0,0.003386613,5.13e-05,0.028298746,0,0.857638889,0.776843152,0.776843152,0.775771193,0.725955026,0.707371873,0.705537716,0.729961576,0.731724816,0.539595849,0.840136054,1.380566802,0.683473905,2.195063322,0.308370348,1.505899988,0.380792985,1.692042327,0.558278076,1.724094057,0.065679774,0.640377793,0.04925983,-99999,0,0,-99999,-99999,-99999,3219,3008,-99999,-99999,0.001688075,0.101504115,0.002147694,0.14734264,-99999,-99999,-99999,-99999,16,16,2,1,6.333333333,59156.82644,158033450.6
"7","G55000109507003",539658513,"53965-8513",53965,"WI","G55000109507003",550019507003,"52","4",NA,"Match",215926,5.5002e+11,5.5002e+11,"55","001","950700",3,NA,"",NA,"",0,0,0,18467.50628,661.9996796,17805.5066,17805.5066,1532,990,612,0.583,26,0.04248366,134,0.218954248,452,0.738562092,668,205,271,192,0.306886228,1126,17,8,51,66,984,17,3,51,65,984,0,1,5,436,485,205,0.387211368,0.055600777,0.086040798,0.063238863,0.000954761,0.000449299,0.002864282,0.003706718,0.055263803,0.000954761,0.000168487,0.002864282,0.003650556,0.055263803,0,5.62e-05,0.000280812,0.11883964,0,1.839869281,0.324769577,0.324769577,0.273393357,0.255837396,0.55107536,0.33929392,0.369585026,0.427446376,0,0,0.593250444,0.665810918,2.763564244,0.59223053,1.922249489,0.249084225,2.469240612,1.150205971,3.019290673,0.287551493,0.251607556,0,-99999,0,0,-99999,-99999,-99999,3487,2611,-99999,-99999,0,0,0,0,-99999,-99999,-99999,-99999,12,3,3,1,3.833333333,36927.94282,74736967.86
"8","G55001909502004",54498,"54498",54498,"WI","G55001909502004",550199502004,"86","9",NA,"Match",215192,5.502e+11,5.502e+11,"55","019","950200",4,NA,"",NA,"",0,0,0,4021.112168,62.6121748,3958.499993,3958.499993,919,431,391,0.567,19,0.04859335,127,0.324808184,245,0.626598465,308,71,114,123,0.230519481,600,57,25,362,102,54,57,11,362,12,54,75,15,14,139,170,291,0.231666667,0.108879626,0.232158646,0.151572566,0.014399394,0.006315524,0.091448781,0.025767336,0.013641531,0.014399394,0.00277883,0.091448781,0.003031451,0.013641531,0.018946571,0.003789314,0.003536693,0.260452192,0,1.534526854,0.732454894,0.732454894,0.642759622,0.642759622,0.772686456,0.826414757,0.827654908,0.650933009,0,0,0.513333333,0.614671889,4.466953715,0.995228734,1.148442816,2.323282164,9.326684367,1.45509663,1.45509663,0.48503221,8.407224974,2.263483647,-99999,0,0,-99999,-99999,-99999,2672,2529,-99999,-99999,0,0,0,0,-99999,-99999,-99999,-99999,18,13,5,1,7.166666667,20324.25285,16273206.58
"9","G55001909507003",544562162,"54456-2162",54456,"WI","G55001909507003",550199507003,"94","10",NA,"Match",215212,5.502e+11,5.502e+11,"55","019","950700",3,NA,"",NA,"",0,0,0,176.0258857,5.6230076,170.4028781,154.55222,703,342,316,0.596,23,0.07278481,165,0.522151899,128,0.405063291,290,105,90,95,0.362068966,780,12,698,17,33,20,12,1,17,15,20,3,15,697,143,345,292,0.183333333,2.212844306,4.548624407,5.046837891,0.07764366,4.516272882,0.109995185,0.213520065,0.1294061,0.07764366,0.006470305,0.109995185,0.097054575,0.1294061,0.019410915,0.097054575,4.509802577,7.259682197,0,2.46835443,0.294982283,0.294982283,0.251981073,0.251981073,0.523795301,0.760902928,0.833238257,0.8295262,0,0,0.371794872,0.533548593,19.56442615,0,0,19.56442615,103.9381506,0,0,0,82.62771238,48.82546641,-99999,0,0,-99999,-99999,-99999,3097,2474,-99999,-99999,0,0,0,0,-99999,-99999,-99999,-99999,11,3,15,1,7.666666667,5707.094865,712365.7985
"10","G55002109708001",535551145,"53555-1145",53555,"WI","G55002109708001",550219708001,"35","2",NA,"Match",213272,5.5022e+11,5.5022e+11,"55","021","970800",1,357,"Madison-Janesville-Beloit, WI",31540,"Madison, WI",647281,389187,345594,10254.0703,15.2450816,10238.82522,9995.7218,2035,864,798,0.576,17,0.021303258,145,0.181704261,636,0.796992481,958,216,243,499,0.225469729,415,100,58,90,141,26,100,12,90,10,26,52,79,46,143,125,147,0.344578313,0.086436979,0.203587099,0.041517762,0.01000428,0.005802482,0.009003852,0.014106035,0.002601113,0.01000428,0.001200514,0.009003852,0.001000428,0.002601113,0.005202226,0.007903381,0.004601969,0.127954742,0,0.520050125,0.925630871,0.925630871,0.894484713,0.894484713,0.643009452,0.687406357,0.73637572,0.912667351,0.33877551,0.604515659,2.308433735,0.270242997,2.447997802,0.823843789,0.994854147,0.629299866,3.147361079,0.812593224,0.687578882,0.125014342,2.812822699,0.687578882,-99999,0,0,-99999,-99999,-99999,22937,22360,-99999,-99999,0.001470024,0.273105041,0.001798399,0.394210257,-99999,-99999,-99999,-99999,15,20,3,1,7.166666667,37738.617,41497651.32
"11","G55002109712002",539251203,"53925-1203",53925,"WI","G55002109712002",550219712002,"64","6",NA,"Match",213275,5.5022e+11,5.5022e+11,"55","021","971200",2,357,"Madison-Janesville-Beloit, WI",31540,"Madison, WI",647281,389187,345594,4206.427284,20.6553361,4185.771948,4086.006692,1301,664,602,0.596,2,0.003322259,269,0.446843854,331,0.549833887,878,211,302,365,0.240318907,1355,267,14,919,19,136,267,14,919,14,136,0,5,0,281,317,757,0.207380074,0.162505852,0.318403786,0.331619623,0.065344974,0.003426328,0.224913973,0.004650017,0.033284331,0.065344974,0.003426328,0.224913973,0.003426328,0.033284331,0,0.001223689,0,0.494125476,0,2.250830565,0.572385585,0.572385585,0.518652484,0.446899074,0.700438585,0.784598432,0.754579729,0.586626928,0.979668675,0.786386028,0.64797048,0.703259361,4.868341728,1.869483509,1.004162635,1.994695584,14.32509959,1.834787011,1.528989176,1.070292423,9.173935054,6.115956703,-99999,0,0,-99999,-99999,-99999,22699,22990,-99999,-99999,0.001454771,0.270271236,0.00184907,0.405317255,-99999,-99999,-99999,-99999,16,7,6,1,6.166666667,23431.38665,17023178.95
"12","G55002500002022",537054382,"53705-4382",53705,"WI","G55002500002022",550250002022,"46","3",NA,"Match",214132,5.5025e+11,5.5025e+11,"55","025","000202",2,357,"Madison-Janesville-Beloit, WI",31540,"Madison, WI",647281,389187,345594,261.3939937,0,261.3939937,242.14791,1992,995,975,0.607,33,0.033846154,436,0.447179487,506,0.518974359,987,229,251,507,0.232016211,471,13,33,6,340,79,13,32,6,5,79,273,62,1,132,129,210,0.280254777,4.109058798,8.226377011,1.945092155,0.053686195,0.136280342,0.024778244,1.404100494,0.326246879,0.053686195,0.132150635,0.024778244,0.020648537,0.326246879,1.127410102,0.256041855,0.004129707,6.054150953,0,0.483076923,0.544071242,0.544071242,0.616119624,0.616119624,0.511414786,0.59994336,0.665653481,0.777416538,0.382460414,0.646090535,2.095541401,0.334358536,19.44708208,0,3.173051958,16.27403012,124.9154946,0,4.896822539,9.793645079,134.6626198,22.03570143,92.54,0,0,4,9.793645079,0.002008032,52407,38940,104899,66949,0.003358747,0.623996857,0.003131917,0.686518221,0.007114179,0.724961298,0.007574153,0.707459343,10,12,16,20,15.66666667,4353.462105,1057849.372
"13","G55002500004061",537194107,"53719-4107",53719,"WI","G55002500004062",550250004062,"37","2",NA,"No",215748,5.5025e+11,5.5025e+11,"55","025","000406",1,357,"Madison-Janesville-Beloit, WI",31540,"Madison, WI",647281,389187,345594,791.4178104,0,791.4178104,772.00925,3425,1817,1790,0.644,141,0.07877095,892,0.498324022,757,0.422905028,2022,310,472,1240,0.153313551,1026,316,21,13,394,282,316,21,13,72,282,0,322,0,429,413,184,0.418128655,2.353598743,4.43647534,1.32899962,0.40932152,0.027201747,0.016839176,0.510356579,0.365280597,0.40932152,0.027201747,0.016839176,0.093263131,0.365280597,0,0.417093448,0,3.682598363,0,0.573184358,0.758136488,0.758136488,0.782907806,0.674595774,0.61416962,0.744847035,0.826931501,0.688975016,0.461019996,0.673228346,1.970760234,0.378794956,10.69974161,0.522313237,3.548625757,6.628802619,39.0994486,0.808675255,8.086752555,5.660726788,32.34701022,6.469402044,430.5,0,0,8.67,7.011214465,0.002531387,31490,26520,25670,17647,0.002018183,0.374943443,0.002132985,0.4675517,0.001740922,0.177406425,0.001996461,0.18647829,14,14,8,16,12.66666667,8328.084443,3202827.005
"14","G55002500005011",537113604,"53711-3604",53711,"WI","G55002500005011",550250005011,"38","2",NA,"Match",214142,5.5025e+11,5.5025e+11,"55","025","000501",1,357,"Madison-Janesville-Beloit, WI",31540,"Madison, WI",647281,389187,345594,357.1452437,1.0835335,356.0617102,340.31042,1651,810,724,0.569,23,0.031767956,186,0.256906077,515,0.711325967,1001,208,276,517,0.207792208,1562,108,522,693,227,12,108,522,693,108,12,0,119,0,90,265,1207,0.057618438,2.380179837,4.851452976,4.589927044,0.317357312,1.533893673,2.036376083,0.667038053,0.035261924,0.317357312,1.533893673,2.036376083,0.317357312,0.035261924,0,0.349680741,0,6.970106881,0,2.157458564,0.763790608,0.763790608,0.742195338,0.639515705,0.817249636,0.808150318,0.801068472,0.682682751,0.972300031,0.78111588,0.64084507,0.698266161,18.03787148,1.323583423,1.698373446,15.01591461,64.72945374,1.797441235,3.594882469,3.594882469,61.11300198,17.97441235,359.42,0,0,20.67,37.15311032,0.012519685,55664,44277,79927,52008,0.003567487,0.66277713,0.003561168,0.780610356,0.005420595,0.55237878,0.00588383,0.549575729,19,13,11,17,14.66666667,5118.475822,1445345.539
"15","G55002500006001",537116710,"53711-6710",53711,"WI","G55002500006001",550250006001,"50","4",NA,"Match",214151,5.5025e+11,5.5025e+11,"55","025","000600",1,357,"Madison-Janesville-Beloit, WI",31540,"Madison, WI",647281,389187,345594,232.8171258,0,232.8171258,207.2509,2440,890,833,0.499,37,0.044417767,389,0.466986795,407,0.488595438,818,253,300,265,0.309290954,574,335,43,13,169,14,335,43,13,147,14,0,22,0,213,228,133,0.371080139,4.29431187,11.77316962,2.769589903,1.616398288,0.207477989,0.062725904,0.815436748,0.067550973,1.616398288,0.207477989,0.062725904,0.709285219,0.067550973,0,0.106151529,0,7.063901773,0,0.68907563,0.649154192,0.649154192,0.646646294,0.557185473,0.615224027,0.672411247,0.743875133,0.73018702,0.380889184,0.824712644,1.425087108,0.653712839,28.35210956,4.674968088,6.198886488,17.47825498,106.3316967,5.497877339,27.48938669,2.748938669,90.71497609,24.74044802,236.04,0,0,8,21.99150935,0.003278689,61993,47689,79569,52200,0.00397311,0.738134927,0.003835593,0.840764444,0.005396315,0.549904628,0.005905552,0.55160462,14,10,15,19,15.33333333,5454.434082,942196.4742
"16","G55002500006002",537114489,"53711-4489",53711,"WI","G55002500006004",550250006004,"36","2",NA,"No",214155,5.5025e+11,5.5025e+11,"55","025","000600",2,357,"Madison-Janesville-Beloit, WI",31540,"Madison, WI",647281,389187,345594,143.9930772,1.7304413,142.2626359,138.85611,2289,915,782,0.586,75,0.095907928,307,0.39258312,400,0.511508951,1039,351,413,275,0.337824832,221,0,17,0,188,16,0,17,0,2,16,4,182,0,52,123,46,0.235294118,6.589555188,16.48469052,1.591575625,0,0.122428894,0,1.353919536,0.115227195,0,0.122428894,0,0.014403399,0.115227195,0.028806799,1.310709338,0,8.181130812,0,0.282608696,0.477841909,0.326177847,0.411619555,0.318583669,0.463831129,0.473637983,0.527292997,0.73353296,0.176095618,0.350793651,4.701357466,0.024689988,25.16531007,0,1.586901474,23.57840859,126.0046947,0,8.997443298,4.498721649,112.4680412,40.48849484,143.5,0,0,8,35.98977319,0.003494976,60010,47280,79785,52338,0.00384602,0.714523849,0.003802697,0.83355371,0.005410964,0.551397413,0.005921164,0.553062885,9,4,16,20,14.16666667,4429.656686,582732.6178
"17","G55002500014021",537134238,"53713-4238",53713,"WI","G55002500014021",550250014021,"13","1",NA,"Match",214106,5.5025e+11,5.5025e+11,"55","025","001402",1,357,"Madison-Janesville-Beloit, WI",31540,"Madison, WI",647281,389187,345594,1697.79,375.6330186,1322.156982,390.98637,1398,828,676,0.738,16,0.023668639,399,0.590236686,261,0.386094675,778,204,266,308,0.262210797,2113,247,478,464,778,146,247,370,464,735,146,0,43,108,519,628,966,0.245622338,2.117720881,3.575572212,5.404280461,0.631735577,1.222549011,1.186742136,1.989839185,0.373414552,0.631735577,0.946324548,1.186742136,1.879860927,0.373414552,0,0.109978258,0.276224463,7.522001342,0,3.125739645,0.914947768,0.914947768,0.859303705,0.804123496,0.931733385,0.75174544,0.791266737,0.446954026,0.796354315,0.538222068,0.368196876,0.531632337,9.570485008,2.30701005,0.90793968,6.355535278,28.57100974,2.904344986,4.840574976,1.936229991,30.01156485,3.388402483,411.72,0,0,31.33,15.1655214,0.022410587,69916,52318,38273,24246,0.004480892,0.832472079,0.0042079,0.922374429,0.002595649,0.264506275,0.002743027,0.256210836,20,19,7,16,14.16666667,13445.672,6870865.764
"18","G55002500107013",537115423,"53711-5423",53711,"WI","G55002500107013",550250107013,"24","1",NA,"Match",215507,5.5025e+11,5.5025e+11,"55","025","010701",3,357,"Madison-Janesville-Beloit, WI",31540,"Madison, WI",647281,389187,345594,1581.184251,0,1581.184251,1554.82657,1701,700,651,0.624,15,0.023041475,140,0.215053763,496,0.761904762,983,205,193,585,0.20854527,131,0,61,18,45,7,0,61,18,36,7,5,4,0,35,29,67,0.267175573,0.450210984,1.094012691,0.08425377,0,0.039232671,0.011576854,0.028942135,0.00450211,0,0.039232671,0.011576854,0.023153708,0.00450211,0.003215793,0.002572634,0,0.534464754,0,0.201228879,0.831144702,0.715909079,0.765337665,0.659456388,0.400728814,0.384226354,0.413303791,0.064607448,0.1430131,0.23518851,7.503816794,0.001497712,5.790712712,0,1.985272144,3.805440568,18.89540702,0,3.642839217,1.619039652,16.19039652,4.04759913,-99999,0,0,7.33,2.966890162,0.00430923,38853,32363,-99999,-99999,0.002490075,0.462612816,0.002602933,0.570564694,-99999,-99999,-99999,-99999,7,14,6,1,5.833333333,10082.15374,6398967.278
"19","G55002500107022",537114913,"53711-4913",53711,"WI","G55002500107022",550250107022,"33","2",NA,"Match",215532,5.5025e+11,5.5025e+11,"55","025","010702",2,357,"Madison-Janesville-Beloit, WI",31540,"Madison, WI",647281,389187,345594,7350.406111,19.226851,7331.17926,7331.17926,658,385,313,0.702,0,0,72,0.230031949,241,0.769968051,587,109,122,356,0.185689949,1801,28,173,1055,253,292,28,173,1055,201,292,35,17,0,321,460,1020,0.178234314,0.052515426,0.089753637,0.245663069,0.003819304,0.023597841,0.143905907,0.034510137,0.039829881,0.003819304,0.023597841,0.143905907,0.027417144,0.039829881,0.00477413,0.002318863,0,0.298178495,0,5.75399361,0.729291678,0.729291678,0.649236684,0.607545934,0.792122933,0.746811466,0.717287776,0.425546241,0.535176901,0.491624791,0.325930039,0.509630176,3.408280634,0.464816653,1.718062735,1.225401246,4.075175213,0.785685331,1.222177181,1.222177181,2.531652732,0.34919348,-99999,0,0,7.33,0.639897053,0.011139818,30250,24975,-99999,-99999,0.001938712,0.360179077,0.002008722,0.440313112,-99999,-99999,-99999,-99999,18,12,4,1,6.666666667,29512.91834,29746687.53
"20","G55002500110001",53562,"53562",53562,"WI","G55002500110001",550250110001,"28","1",NA,"Match",215447,5.5025e+11,5.5025e+11,"55","025","011000",1,357,"Madison-Janesville-Beloit, WI",31540,"Madison, WI",647281,389187,345594,344.8114943,0.7316631,344.0798312,344.07983,1888,965,886,0.584,44,0.0496614,379,0.427765237,463,0.522573363,1129,259,274,596,0.229406554,2146,282,560,127,714,463,282,209,127,319,463,200,195,351,774,700,672,0.360671016,2.804581716,5.487098735,6.236924728,0.819577248,1.627529286,0.369100392,2.075099839,1.345617963,0.819577248,0.60741718,0.369100392,0.927110432,1.345617963,0.581260459,0.566728948,1.020112106,9.041506443,0,2.422121896,0.920562522,0.920562522,0.966741295,0.966741295,0.92242748,0.774379397,0.848684058,0.446737965,0.936043629,0.689465649,0.526095061,0.622566431,17.84834898,0.394286855,2.609195844,14.84486628,77.52061464,1.860033463,14.8802677,3.720066926,42.78076965,35.3406358,523.04,0,0,12,22.32040156,0.006355932,41860,31403,143813,89512,0.002682793,0.498416403,0.002525721,0.553639745,0.0097533,0.993897551,0.010126777,0.945885685,20,20,12,15,15.66666667,7820.511094,1395434.88
"21","G55002500119001",535319359,"53531-9359",53531,"WI","G55002500119001",550250119001,"35","2",NA,"Match",215342,5.5025e+11,5.5025e+11,"55","025","011900",1,357,"Madison-Janesville-Beloit, WI",31540,"Madison, WI",647281,389187,345594,8816.708383,14.922369,8801.786014,8778.54152,2394,899,899,0.639,4,0.004449388,155,0.172413793,740,0.823136819,1163,227,359,577,0.195184867,524,22,4,268,217,13,22,4,268,39,13,150,28,0,98,207,219,0.187022901,0.102408811,0.272710449,0.059691009,0.002506111,0.000455657,0.030528989,0.024719368,0.001480884,0.002506111,0.000455657,0.030528989,0.004442651,0.001480884,0.017087121,0.003189596,0,0.16209982,0,0.582869855,0.602726846,0.602726846,0.674706111,0.631379841,0.566604074,0.564469646,0.56246746,0.827896182,0.359150103,0.621221103,2.219465649,0.295387966,3.708249398,1.114319473,0.912230857,1.681699068,5.504046556,1.963237912,2.108662943,0.145425031,4.290038401,1.090687729,-99999,0,0,-99999,-99999,-99999,27003,25378,-99999,-99999,0.001730613,0.321517872,0.002041135,0.447418064,-99999,-99999,-99999,-99999,12,13,4,1,5.833333333,26310.23134,35680728.46
"22","G55002500120021",53527,"53527",53527,"WI","G55002500120031",550250120031,"31","2",NA,"No",216289,5.5025e+11,5.5025e+11,"55","025","012002",1,357,"Madison-Janesville-Beloit, WI",31540,"Madison, WI",647281,389187,345594,5292.159974,9.1666687,5282.993305,5131.01191,426,299,251,0.549,29,0.115537849,43,0.171314741,179,0.71314741,373,88,113,172,0.235924933,105,0,4,55,30,16,0,4,55,23,16,0,7,0,28,58,19,0.266666667,0.058273106,0.083024559,0.0204638,0,0.000779573,0.010719133,0.0058468,0.003118293,0,0.000779573,0.010719133,0.004482547,0.003118293,0,0.001364253,0,0.078736906,0,0.418326693,0.799115606,0.688320717,0.78476482,0.607389161,0.579867475,0.568830723,0.575988734,0.556114201,0.395480226,0.439330544,3.552380952,0.077895978,2.927117615,0.579159038,1.630788512,0.717170066,3.030039804,0.72686066,3.6343033,0.121143443,0.72686066,0,-99999,0,0,-99999,-99999,-99999,17353,14231,-99999,-99999,0.001112148,0.20661777,0.001144589,0.25089473,-99999,-99999,-99999,-99999,13,12,3,1,5.5,24144.18118,21417078.02
"23","G55002500120021",535279149,"53527-9149",53527,"WI","G55002500120033",550250120033,"30","1",NA,"No",216289,5.5025e+11,5.5025e+11,"55","025","012002",1,357,"Madison-Janesville-Beloit, WI",31540,"Madison, WI",647281,389187,345594,5292.159974,9.1666687,5282.993305,5131.01191,426,299,251,0.549,29,0.115537849,43,0.171314741,179,0.71314741,373,88,113,172,0.235924933,105,0,4,55,30,16,0,4,55,23,16,0,7,0,28,58,19,0.266666667,0.058273106,0.083024559,0.0204638,0,0.000779573,0.010719133,0.0058468,0.003118293,0,0.000779573,0.010719133,0.004482547,0.003118293,0,0.001364253,0,0.078736906,0,0.418326693,0.799115606,0.688320717,0.78476482,0.607389161,0.579867475,0.568830723,0.575988734,0.556114201,0.395480226,0.439330544,3.552380952,0.077895978,2.927117615,0.579159038,1.630788512,0.717170066,3.030039804,0.72686066,3.6343033,0.121143443,0.72686066,0,-99999,0,0,-99999,-99999,-99999,17353,14231,-99999,-99999,0.001112148,0.20661777,0.001144589,0.25089473,-99999,-99999,-99999,-99999,13,12,3,1,5.5,24144.18118,21417078.02
"24","G55002500125011",535751629,"53575-1629",53575,"WI","G55002500125011",550250125011,"39","2",NA,"Match",216608,5.5025e+11,5.5025e+11,"55","025","012501",1,357,"Madison-Janesville-Beloit, WI",31540,"Madison, WI",647281,389187,345594,857.276385,0,857.276385,722.32282,2200,900,882,0.572,10,0.011337868,213,0.241496599,659,0.747165533,1381,293,387,701,0.212165098,383,5,20,139,182,37,5,14,139,60,37,73,49,6,121,136,126,0.315926893,1.245980295,3.045729609,0.530233836,0.006922113,0.027688451,0.192434734,0.251964904,0.051223634,0.006922113,0.019381916,0.192434734,0.083065353,0.051223634,0.101062846,0.067836705,0.008306535,1.776214131,0,0.434240363,0.719500191,0.719500191,0.8202815,0.8202815,0.537902335,0.573346509,0.59689091,0.768652128,0.296554394,0.434240363,3.605744125,0.073848164,9.762876901,0.377864491,1.07824859,8.30676382,32.61006659,0.746550367,2.986201469,1.493100734,29.11546432,9.705154773,-99999,0,0,-99999,-99999,-99999,39602,34401,-99999,-99999,0.002538079,0.471530969,0.002766848,0.606494949,-99999,-99999,-99999,-99999,11,19,8,1,8,9328.505605,3469351.394
"25","G55002500125011",535753230,"53575-3230",53575,"WI","G55002500125011",550250125011,"39","2",NA,"Match",216608,5.5025e+11,5.5025e+11,"55","025","012501",1,357,"Madison-Janesville-Beloit, WI",31540,"Madison, WI",647281,389187,345594,857.276385,0,857.276385,722.32282,2200,900,882,0.572,10,0.011337868,213,0.241496599,659,0.747165533,1381,293,387,701,0.212165098,383,5,20,139,182,37,5,14,139,60,37,73,49,6,121,136,126,0.315926893,1.245980295,3.045729609,0.530233836,0.006922113,0.027688451,0.192434734,0.251964904,0.051223634,0.006922113,0.019381916,0.192434734,0.083065353,0.051223634,0.101062846,0.067836705,0.008306535,1.776214131,0,0.434240363,0.719500191,0.719500191,0.8202815,0.8202815,0.537902335,0.573346509,0.59689091,0.768652128,0.296554394,0.434240363,3.605744125,0.073848164,9.762876901,0.377864491,1.07824859,8.30676382,32.61006659,0.746550367,2.986201469,1.493100734,29.11546432,9.705154773,-99999,0,0,-99999,-99999,-99999,39602,34401,-99999,-99999,0.002538079,0.471530969,0.002766848,0.606494949,-99999,-99999,-99999,-99999,11,19,8,1,8,9328.505605,3469351.394
"26","G55002500133021",535321012,"53532-1012",53532,"WI","G55002500133021",550250133021,"44","3",NA,"Match",216641,5.5025e+11,5.5025e+11,"55","025","013302",1,357,"Madison-Janesville-Beloit, WI",31540,"Madison, WI",647281,389187,345594,843.8096821,46.1832371,797.626445,797.626445,433,232,196,0.672,27,0.137755102,68,0.346938776,101,0.515306122,319,66,83,170,0.206896552,199,0,3,152,3,41,0,3,152,3,41,0,0,0,38,98,63,0.190954774,0.290862974,0.542860637,0.249490223,0,0.003761159,0.190565397,0.003761159,0.051402508,0,0.003761159,0.190565397,0.003761159,0.051402508,0,0,0,0.540353198,0,1.015306122,0.474457061,0.408675068,0.474457061,0.316304707,0.636548102,0.555251051,0.494876987,0.99402438,0.629746835,0.768339768,1.603015075,0.54715942,4.032992159,0,1.922725456,2.110266703,12.84210179,0,4.011903091,3.209522473,8.023806182,1.604761236,-99999,0,0,-99999,-99999,-99999,34485,32513,-99999,-99999,0.002210132,0.410604148,0.002614998,0.573209217,-99999,-99999,-99999,-99999,14,4,5,1,5,8079.916781,3414851.41
"27","G55002500133021",535321160,"53532-1160",53532,"WI","G55002500133021",550250133021,"44","3",NA,"Match",216641,5.5025e+11,5.5025e+11,"55","025","013302",1,357,"Madison-Janesville-Beloit, WI",31540,"Madison, WI",647281,389187,345594,843.8096821,46.1832371,797.626445,797.626445,433,232,196,0.672,27,0.137755102,68,0.346938776,101,0.515306122,319,66,83,170,0.206896552,199,0,3,152,3,41,0,3,152,3,41,0,0,0,38,98,63,0.190954774,0.290862974,0.542860637,0.249490223,0,0.003761159,0.190565397,0.003761159,0.051402508,0,0.003761159,0.190565397,0.003761159,0.051402508,0,0,0,0.540353198,0,1.015306122,0.474457061,0.408675068,0.474457061,0.316304707,0.636548102,0.555251051,0.494876987,0.99402438,0.629746835,0.768339768,1.603015075,0.54715942,4.032992159,0,1.922725456,2.110266703,12.84210179,0,4.011903091,3.209522473,8.023806182,1.604761236,-99999,0,0,-99999,-99999,-99999,34485,32513,-99999,-99999,0.002210132,0.410604148,0.002614998,0.573209217,-99999,-99999,-99999,-99999,14,4,5,1,5,8079.916781,3414851.41
"28","G55003900418002",53963,"53963",53963,"WI","G55003900418002",550390418002,"77","8",NA,"Match",213286,5.5039e+11,5.5039e+11,"55","039","041800",2,NA,"",22540,"Fond du Lac, WI",102315,46925,52009,1592.060852,19.0971235,1572.963729,1571.09408,1258,509,459,0.485,20,0.043572985,121,0.263616558,318,0.692810458,608,145,187,276,0.238486842,1000,155,25,495,189,136,155,25,495,33,136,128,28,0,337,216,447,0.337,0.323978052,0.800715893,0.63649912,0.098657364,0.015912478,0.315067065,0.120298334,0.08656388,0.098657364,0.015912478,0.315067065,0.021004471,0.08656388,0.081471887,0.017821975,0,0.960477173,0,2.178649237,0.817356878,0.817356878,0.758734407,0.710012258,0.850764818,0.841979754,0.860377847,0.502586934,0.885739593,0.756218905,0.608,0.675704114,5.771794921,1.603794929,1.334382097,2.833617894,15.87342387,1.22062573,2.848126704,0.813750487,13.02000779,4.475627678,-99999,0,0,-99999,-99999,-99999,14822,16171,-99999,-99999,0.008617337,0.485298933,0.009675649,0.573256762,-99999,-99999,-99999,-99999,20,16,6,1,8.333333333,15350.66542,6442984.717
"29","G55004309610004",538181320,"53818-1320",53818,"WI","G55004309610004",550439610004,"55","5",NA,"Match",214409,5.5044e+11,5.5044e+11,"55","043","961000",4,NA,"",38420,"Platteville, WI",51828,18093,23816,1679.519179,0,1679.519179,1641.885333,1155,520,507,0.597,123,0.24260355,103,0.203155819,281,0.554240631,388,125,127,136,0.322164948,206,7,22,28,132,17,7,22,28,3,17,108,21,0,82,54,70,0.398058252,0.316709084,0.7034596,0.125465522,0.004263392,0.01339923,0.017053566,0.080395383,0.010353951,0.004263392,0.01339923,0.017053566,0.001827168,0.010353951,0.065778041,0.012790175,0,0.442174606,0,0.406311637,0.693488144,0.693488144,0.752264481,0.703957797,0.515500612,0.563967323,0.610695969,0.910515942,0.302718589,0.693602694,1.883495146,0.413335716,4.82155921,0.341237949,2.40379293,2.076528332,16.77127618,1.524245767,5.334860186,2.286368651,8.383351721,5.334860186,-99999,0,0,-99999,-99999,-99999,6927,6724,-99999,-99999,0.032879872,0.649934322,0.031848733,0.669587732,-99999,-99999,-99999,-99999,11,16,6,1,6.833333333,15315.24959,6796924.368
"30","G55004509602003",535749571,"53574-9571",53574,"WI","G55004509602003",550459602003,"28","1",NA,"Match",213923,5.5046e+11,5.5046e+11,"55","045","960200",3,357,"Madison-Janesville-Beloit, WI",31540,"Madison, WI",647281,389187,345594,41809.34076,0,41809.34076,41248.00102,2826,1063,1048,0.576,14,0.013358779,197,0.187977099,837,0.798664122,1338,355,352,631,0.265321375,884,69,24,441,334,16,69,3,441,36,16,89,209,21,182,433,269,0.205882353,0.025770946,0.068512411,0.021431342,0.001672808,0.000581846,0.010691427,0.008097362,0.000387898,0.001672808,7.27e-05,0.010691427,0.00087277,0.000387898,0.00215768,0.005066912,0.000509116,0.047202287,0,0.84351145,0.673685988,0.673685988,0.687294314,0.687294314,0.661723173,0.628234931,0.626757896,0.863329624,0.476549865,0.795679568,1.513574661,0.598352843,2.396169449,0.741240402,1.422221246,0.232707802,1.485493884,1.438912906,1.53075841,0.091845505,0.443919939,0.076537921,-99999,0,0,-99999,-99999,-99999,7592,7883,-99999,-99999,0.000486569,0.090396018,0.000634024,0.138978509,-99999,-99999,-99999,-99999,15,15,2,1,6,75941.85609,169200080.5
"31","G55004909501003",535179578,"53517-9578",53517,"WI","G55004909501003",550499501003,"30","1",NA,"Match",215717,5.505e+11,5.505e+11,"55","049","950100",3,357,"Madison-Janesville-Beloit, WI",31540,"Madison, WI",647281,389187,345594,46777.4911,8.8212229,46768.66988,45904.26646,1079,550,474,0.605,4,0.008438819,64,0.135021097,406,0.856540084,571,133,185,253,0.232924694,105,0,0,59,46,0,0,0,59,15,0,0,31,0,26,53,26,0.247619048,0.011981457,0.02350544,0.002287369,0,0,0.001285284,0.001002086,0,0,0,0.001285284,0.000326767,0,0,0.000675318,0,0.014268826,0,0.221518987,0.988914185,0.425902158,0.875708835,0.462655222,0.544083551,0.334362034,0.3232148,0.092833937,0.177364865,0.310650888,5.438095238,0.011818428,1.679014076,0.466488698,1.16724977,0.045275609,0.342259894,0.533690611,0.451584363,0.041053124,0,0,-99999,0,0,-99999,-99999,-99999,3603,4342,-99999,-99999,0.000230915,0.042900007,0.000349224,0.076550131,-99999,-99999,-99999,-99999,11,7,1,1,3.666666667,96201.01141,189305927.5
"32","G55004909503002",535800031,"53580-0031",53580,"WI","G55004909503002",550499503002,"65","6",NA,"Match",215697,5.505e+11,5.505e+11,"55","049","950300",2,357,"Madison-Janesville-Beloit, WI",31540,"Madison, WI",647281,389187,345594,42051.32999,0,42051.32999,41945.37809,1139,427,416,0.539,17,0.040865385,114,0.274038462,285,0.685096154,514,125,167,222,0.243190661,349,13,23,136,172,5,13,2,136,0,5,171,1,21,109,105,135,0.312320917,0.010179906,0.027154362,0.008320345,0.000309927,0.000548332,0.003242312,0.004100571,0.000119203,0.000309927,4.77e-05,0.003242312,0,0.000119203,0.00407673,2.38e-05,0.000500651,0.01850025,0,0.838942308,0.670155282,0.670155282,0.57333057,0.536514133,0.659330687,0.564534294,0.569572468,0.771956297,0.469086022,0.808806489,1.47277937,0.623267568,1.720289751,0.643755881,0.977129604,0.099404266,0.954064473,0.608779794,0.639218784,0.091316969,0.289170402,0.243511918,-99999,0,0,-99999,-99999,-99999,2403,2643,-99999,-99999,0.000154007,0.028611912,0.000212575,0.046596499,-99999,-99999,-99999,-99999,15,9,1,1,4.666666667,69122.42677,170179411.1
"33","G55005309601001",546156506,"54615-6506",54615,"WI","G55005309601001",550539601001,"68","7",NA,"Match",215018,5.5054e+11,5.5054e+11,"55","053","960100",1,NA,"",NA,"",0,0,0,195931.3455,5031.891521,190899.4539,93754.29492,2640,942,659,0.678,21,0.031866464,216,0.327769347,422,0.640364188,1035,290,429,316,0.280193237,2356,36,1564,592,59,105,36,26,592,0,105,0,59,1538,294,1119,943,0.124787776,0.01004754,0.02815871,0.025129515,0.000383982,0.016681902,0.006314377,0.000629305,0.001119949,0.000383982,0.000277321,0.006314377,0,0.001119949,0,0.000629305,0.016404582,0.035177055,0,3.575113809,0.567845129,0.567845129,0.541404656,0.466503578,0.691639322,0.865531836,0.876462001,0.642172151,0,0,0.439303905,0.570811586,1.304454741,0.112033682,1.098497531,0.093923529,0.688690917,0.137454558,0.834784997,0.083813755,0.067051004,0.00335255,-99999,0,0,-99999,-99999,-99999,2991,1675,-99999,-99999,0,0,0,0,-99999,-99999,-99999,-99999,16,7,1,1,4.5,154120.9687,792923388
"34","G55005501001004",530946714,"53094-6714",53094,"WI","G55005501001005",550551001005,"67","7",NA,"No",214880,5.50551e+11,5.50551e+11,"55","055","100100",4,376,"Milwaukee-Racine-Waukesha, WI",48020,"Watertown-Fort Atkinson, WI",84652,32960,43802,3381.737705,7.9437708,3373.793935,3363.66552,3088,1395,1395,0.654,0,0,505,0.362007168,890,0.637992832,1314,333,420,561,0.253424658,1816,364,43,1234,139,36,364,43,1234,52,36,0,87,0,328,643,845,0.18061674,0.414726135,0.918046096,0.539887212,0.108215278,0.012783673,0.366861685,0.041323966,0.01070261,0.108215278,0.012783673,0.366861685,0.015459325,0.01070261,0,0.025864641,0,0.954613347,0,1.301792115,0.588882126,0.588882126,0.557201576,0.48011506,0.681198413,0.746476733,0.717154011,0.934397598,0.740619902,0.839616613,0.723568282,0.758485408,4.952452628,0.864127745,0.698719999,3.389604884,11.25911088,1.138184511,2.086671604,0.189697419,9.105476089,3.604250952,-99999,0,0,-99999,-99999,-99999,25798,26225,-99999,-99999,0.018054372,0.674669177,0.017923915,0.723588003,-99999,-99999,-99999,-99999,16,8,5,1,6,21508.09787,13685700.87
"35","G55005501013004",535381753,"53538-1753",53538,"WI","G55005501013004",550551013004,"68","7",NA,"Match",214724,5.50551e+11,5.50551e+11,"55","055","101300",4,376,"Milwaukee-Racine-Waukesha, WI",48020,"Watertown-Fort Atkinson, WI",84652,32960,43802,114.461662,6.822431,107.639231,105.71024,632,245,245,0.693,0,0,44,0.179591837,201,0.820408163,443,108,147,188,0.243792325,664,233,35,20,143,233,233,16,20,92,233,2,49,19,355,203,106,0.534638554,2.317656265,5.978607181,6.281321469,2.204138407,0.331093752,0.18919643,1.352754473,2.204138407,2.204138407,0.151357144,0.18919643,0.870303577,2.204138407,0.018919643,0.463531253,0.179736608,8.598977734,0,2.710204082,0.824051837,0.824051837,0.728854303,0.728854303,0.865956159,0.730519795,0.806590358,0.421743697,0.975308642,0.800361337,0.667168675,0.716891105,27.9654806,0,0,27.9654806,192.2867695,0,0,0,118.9157511,112.9699635,-99999,0,0,-99999,-99999,-99999,25652,26914,-99999,-99999,0.017952196,0.670850986,0.018394824,0.742598571,-99999,-99999,-99999,-99999,20,17,19,1,12.83333333,3176.369456,463221.107
"36","G55005501015001",53538,"53538",53538,"WI","G55005501015001",550551015001,"73","5",NA,"Match",214821,5.50551e+11,5.50551e+11,"55","055","101500",1,376,"Milwaukee-Racine-Waukesha, WI",48020,"Watertown-Fort Atkinson, WI",84652,32960,43802,121.7031746,12.0325345,109.6706401,109.6706401,828,382,362,0.569,35,0.096685083,179,0.494475138,148,0.408839779,390,95,135,160,0.243589744,357,29,64,7,210,47,29,64,7,40,47,109,61,0,117,84,156,0.327731092,3.483156473,7.549878429,3.255201207,0.264428109,0.583565482,0.063827475,1.914824239,0.428555901,0.264428109,0.583565482,0.063827475,0.364728427,0.428555901,0.993884962,0.55621085,0,6.73835768,0,0.986187845,0.725866597,0.725866597,0.907279414,0.849018443,0.710575059,0.675463906,0.747647024,0.562562335,0.602531646,0.955823293,1.092436975,0.91170667,21.84975799,0,3.597350571,18.25240742,120.6463278,0,29.17827412,5.835654824,99.20613202,29.17827412,-99999,0,0,-99999,-99999,-99999,21924,23200,-99999,-99999,0.015343207,0.573356347,0.015856428,0.64012361,-99999,-99999,-99999,-99999,16,20,16,1,11.66666667,3254.401581,492527.9714
"37","G55005501016002",531903005,"53190-3005",53190,"WI","G55005501016002",550551016002,"36","2",NA,"Match",214870,5.50551e+11,5.50551e+11,"55","055","101600",2,376,"Milwaukee-Racine-Waukesha, WI",48020,"Watertown-Fort Atkinson, WI",84652,32960,43802,24818.01186,56.8189153,24761.19294,22785.99901,1061,418,415,0.61,3,0.007228916,63,0.151807229,349,0.840963855,424,108,145,171,0.254716981,358,0,45,196,117,0,0,0,196,117,0,0,0,45,60,121,177,0.167597765,0.018344598,0.046563681,0.015711402,0,0.001974897,0.008601773,0.005134732,0,0,0,0.008601773,0.005134732,0,0,0,0.001974897,0.034056001,0,0.862650602,0.870184057,0.593993027,0.870184057,0.459736366,0.817414104,0.506572027,0.47119154,0.905796348,0.504580691,0.915601023,1.184357542,0.831638405,1.457695639,0.425393091,0.933408134,0.098894414,0.723997428,0.568631731,0.852947596,0.155081381,0,0,-99999,0,0,-99999,-99999,-99999,21135,22845,-99999,-99999,0.014791036,0.552722423,0.015613798,0.630328615,-99999,-99999,-99999,-99999,19,7,1,1,5,67434.16122,100437131.8
"38","G55006300102022",546368825,"54636-8825",54636,"WI","G55006300102022",550630102022,"38","2",NA,"Match",215324,5.5063e+11,5.5063e+11,"55","063","010202",2,NA,"",29100,"La Crosse-Onalaska, WI-MN",136513,77745,68097,1387.366672,0,1387.366672,1387.366672,3163,1117,1074,0.575,23,0.02141527,347,0.323091248,704,0.655493482,1885,464,568,853,0.246153846,1497,490,45,367,565,30,490,45,367,188,30,250,127,0,521,500,476,0.348029392,0.805122411,2.279858717,1.079022605,0.353187092,0.032435549,0.264529924,0.407246341,0.021623699,0.353187092,0.032435549,0.264529924,0.135508517,0.021623699,0.180197496,0.091540328,0,1.884145016,0,1.393854749,0.783921813,0.783921813,0.854438784,0.799570975,0.789267489,0.706041222,0.744523243,0.542226936,0.64248927,0.885274985,1.259185037,0.771680221,11.67354187,2.42115395,2.203366181,7.049021741,37.22459322,1.845222357,8.303500607,1.845222357,29.52355771,10.14872296,-99999,0,0,-99999,-99999,-99999,12501,11885,-99999,-99999,0.006555646,0.394191656,0.008485819,0.582169973,-99999,-99999,-99999,-99999,18,19,8,1,9.166666667,13002.67856,5614595.65
"39","G55006300103001",546031542,"54603-1542",54603,"WI","G55006300103001",550630103001,"75","8",NA,"Match",215235,5.5063e+11,5.5063e+11,"55","063","010300",1,NA,"",29100,"La Crosse-Onalaska, WI-MN",136513,77745,68097,518.7002121,127.4546742,391.2455379,326.57329,512,331,331,0.824,16,0.048338369,103,0.311178248,212,0.640483384,387,85,158,144,0.219638243,475,62,6,276,31,100,62,6,276,9,100,0,22,0,101,107,267,0.212631579,1.013555028,1.567795088,1.454497396,0.189850186,0.018372599,0.84513954,0.094925093,0.306209978,0.189850186,0.018372599,0.84513954,0.027558898,0.306209978,0,0.067366195,0,2.468052424,0,1.435045317,0.709944337,0.709944337,0.659646847,0.568387455,0.753715359,0.765305552,0.765959658,0.61020877,0.962512665,0.897911833,0.814736842,0.830885601,10.3914659,1.080883961,1.166015467,8.144566471,29.45424007,0,4.90740421,0,24.53702105,9.814808421,201.17,0,0,1,1.635801403,0.001953125,19205,13726,7394,2317,0.010071288,0.605587614,0.009800282,0.672348763,0.005425081,0.166967754,0.003282204,0.094424974,18,10,7,19,13.33333333,16021.9098,2099150.377
"40","G55006300103003",546031367,"54603-1367",54603,"WI","G55006300103003",550630103003,"74","8",NA,"Match",216253,5.5063e+11,5.5063e+11,"55","063","010300",3,NA,"",29100,"La Crosse-Onalaska, WI-MN",136513,77745,68097,394.1842982,0,394.1842982,382.9450393,1355,747,696,0.598,50,0.07183908,289,0.415229885,357,0.512931034,776,175,293,308,0.225515464,407,41,60,133,103,70,41,10,133,20,70,82,1,50,145,104,158,0.356265356,1.950671567,3.538366766,1.0628157,0.107064972,0.156680447,0.347308325,0.268968101,0.182793855,0.107064972,0.026113408,0.347308325,0.052226816,0.182793855,0.214129944,0.002611341,0.130567039,3.013487267,0,0.584770115,0.950293848,0.950293848,0.833746326,0.833746326,0.682441588,0.716995959,0.756709278,0.986190791,0.461975028,0.68808115,1.906633907,0.403881441,19.77693724,3.756460091,2.886054304,13.13442285,72.00043261,8.118030106,16.23606021,4.870818063,45.46096859,25.97769634,0,0,0,1,1.623606021,0.000738007,21317,15391,11020,4111,0.011178842,0.672184908,0.010989082,0.753906441,0.008085528,0.248848343,0.00582354,0.167536067,16,20,12,20,16.66666667,6370.566977,1595244.079
"41","G55007809401011",541359566,"54135-9566",54135,"WI","G55007809401041",550789401041,"47","4",NA,"No",216805,5.50789e+11,5.50789e+11,"55","078","940101",1,267,"Green Bay-Shawano, WI",43020,"Shawano, WI",45588,14710,22504,14834.59117,119.6280288,14714.96314,14713.88623,1561,467,441,0.473,55,0.124716553,176,0.399092971,210,0.476190476,371,107,171,93,0.288409704,529,10,278,4,205,32,10,0,4,7,32,0,198,278,66,252,211,0.124763705,0.031738726,0.106090259,0.035952432,0.00067963,0.018893717,0.000271852,0.013932417,0.002174816,0.00067963,0,0.000271852,0.000475741,0.002174816,0,0.013456676,0.018893717,0.067691158,0,1.199546485,0.613327569,0.613327569,0.583116294,0.502444584,0.68500203,0.667868964,0.74088613,0.638705916,0.506220096,0.824444444,0.701323251,0.741799158,1.379109214,0.101560152,0.603663062,0.673886001,2.407606438,0.217465716,1.043835438,0.173972573,1.913698303,0.26095886,-99999,0,0,-99999,-99999,-99999,4323,4978,-99999,-99999,0.022282586,0.245415839,0.02362074,0.290042533,-99999,-99999,-99999,-99999,16,8,3,1,5.333333333,48091.69182,60034736.7
"42","G55008109503002",54656,"54656",54656,"WI","G55008109503002",550819503002,"79","3",NA,"Match",213836,5.5082e+11,5.5082e+11,"55","081","950300",2,NA,"",NA,"",0,0,0,147.3986094,0,147.3986094,147.3986094,713,392,331,0.63,0,0,115,0.347432024,216,0.652567976,346,91,131,124,0.26300578,184,22,0,17,145,0,22,0,17,2,0,121,22,0,54,87,43,0.293478261,2.659455212,4.837223383,1.248315712,0.149255139,0,0.115333517,0.983727055,0,0.149255139,0,0.115333517,0.013568649,0,0.820903267,0.149255139,0,3.907770924,0,0.555891239,0.60231235,0.411142141,0.654092571,0.506251972,0.640739832,0.495345287,0.537612899,0.760569024,0,0,1.880434783,0.41460261,16.94853217,0,0,16.94853217,94.09478187,0,0,0,56.44558001,56.44558001,-99999,0,0,-99999,-99999,-99999,10675,9850,-99999,-99999,0,0,0,0,-99999,-99999,-99999,-99999,14,8,14,1,8.666666667,3680.611296,596514.8165
"43","G55008109506002",546603105,"54660-3105",54660,"WI","G55008109506002",550819506002,"82","9",NA,"Match",215164,5.5082e+11,5.5082e+11,"55","081","950600",2,NA,"",NA,"",0,0,0,2931.691757,3.4554464,2928.236311,2906.95458,1551,685,570,0.499,87,0.152631579,201,0.352631579,282,0.494736842,636,188,236,212,0.295597484,2346,111,53,1723,294,165,111,53,1723,109,165,81,104,0,384,720,1242,0.163682864,0.235641797,0.533548068,0.807030153,0.038184291,0.018232139,0.592716519,0.101136771,0.056760433,0.038184291,0.018232139,0.592716519,0.037496286,0.056760433,0.027864212,0.035776273,0,1.04267195,0,4.115789474,0.561460377,0.561460377,0.534615862,0.50028549,0.681487477,0.85854337,0.826693441,0.48759106,0,0,0.271099744,0.482439258,5.524760128,1.451873947,0.44319909,3.629687091,13.70206354,0.874246382,1.748492764,0.437123191,14.86218849,2.185615955,-99999,0,0,-99999,-99999,-99999,5390,4192,-99999,-99999,0,0,0,0,-99999,-99999,-99999,-99999,16,8,6,1,6.333333333,16932.36246,11864394.04
"44","G55010500010001",535454851,"53545-4851",53545,"WI","G55010500010001",551050010001,"78","9",NA,"Match",214760,5.5105e+11,5.5105e+11,"55","105","001000",1,357,"Madison-Janesville-Beloit, WI",27500,"Janesville-Beloit, WI",161769,65865,76405,686.7259882,35.4257386,651.3002496,651.30025,1564,799,712,0.622,52,0.073033708,242,0.33988764,418,0.587078652,763,191,314,258,0.250327654,368,22,3,235,44,64,22,3,235,14,64,0,30,0,78,140,150,0.211956522,1.226776744,2.401350222,0.565023582,0.033778584,0.004606171,0.360816689,0.067557167,0.098264971,0.033778584,0.004606171,0.360816689,0.021495462,0.098264971,0,0.046061705,0,1.791800326,0,0.516853933,0.653752905,0.653752905,0.628969312,0.541954029,0.558135393,0.624488325,0.620687913,0.581563081,0.380952381,0.650751547,2.073369565,0.341854673,13.46783961,1.253062993,1.382257887,10.83251873,79.62607113,3.930598831,3.930598831,1.965299416,90.40377312,14.73974562,441.23,0,0,4,3.930598831,0.002557545,30579,31362,13985,13919,0.010400882,0.908682991,0.00970564,0.802877477,0.014469542,0.530981851,0.014606851,0.601876676,12,10,12,16,13,7866.831296,2779141.111
"45","G55010500012013",53548,"53548",53548,"WI","G55010500012013",551050012013,"34","10",NA,"Match",216790,5.5105e+11,5.5105e+11,"55","105","001201",3,357,"Madison-Janesville-Beloit, WI",27500,"Janesville-Beloit, WI",161769,65865,76405,14498.32662,279.1580127,14219.16861,13946.92669,2799,1228,1228,0.539,29,0.023615635,371,0.302117264,828,0.674267101,1371,317,423,631,0.231218089,126,0,7,64,42,13,0,1,64,26,13,0,16,6,31,41,54,0.246031746,0.088048072,0.200689375,0.009034248,0,0.000501903,0.004588825,0.003011416,0.000932105,0,7.17e-05,0.004588825,0.00186421,0.000932105,0,0.001147206,0.000430202,0.09708232,0,0.102605863,0.797233087,0.686699203,0.753166636,0.64896917,0.256240235,0.277329329,0.281374303,0.003278406,0.086153846,0.168336673,10.88095238,5.11e-05,2.791559351,1.174263355,0.784570182,0.832725814,3.467049401,1.03522227,1.03522227,0.22504832,2.88061849,0.630135295,-99999,0,0,3,0.135028992,0.001071811,14207,17720,-99999,-99999,0.004832249,0.422174016,0.005483832,0.453637807,-99999,-99999,-99999,-99999,4,13,3,1,4.166666667,38183.2811,58673932.46
"46","G55010500013021",535461711,"53546-1711",53546,"WI","G55010500013021",551050013021,"54","5",NA,"Match",216672,5.5105e+11,5.5105e+11,"55","105","001302",1,357,"Madison-Janesville-Beloit, WI",27500,"Janesville-Beloit, WI",161769,65865,76405,679.8449945,4.3852837,675.4597108,645.01746,1266,581,581,0.582,14,0.024096386,139,0.239242685,428,0.736660929,842,245,258,339,0.290973872,1957,39,85,1649,147,37,39,85,1649,92,37,44,11,0,176,1116,665,0.089933572,0.900750811,1.962737567,3.034026397,0.06046348,0.131779378,2.556519943,0.227900808,0.057362788,0.06046348,0.131779378,2.556519943,0.142631798,0.057362788,0.068215208,0.017053802,0,3.934777207,0,3.368330465,0.390219513,0.390219513,0.355493325,0.332665312,0.570519003,0.8235834,0.758226285,0.673859026,0.785603475,0.601643444,0.430250383,0.565667055,11.19377168,0.65839532,0.730432544,9.804943815,35.38354637,0,0,1.895005697,30.32009115,13.26503988,764.44,0,0,2.33,2.207681637,0.001840442,27811,28804,3882,8048,0.009459398,0.826429336,0.008914012,0.737391839,0.004016501,0.147391601,0.008445717,0.348006573,12,4,8,14,10,8236.904747,2751293.461
"47","G55010500013041",535461531,"53546-1531",53546,"WI","G55010500013061",551050013061,"79","9",NA,"No",216767,5.5105e+11,5.5105e+11,"55","105","001304",1,357,"Madison-Janesville-Beloit, WI",27500,"Janesville-Beloit, WI",161769,65865,76405,1733.499904,1.593795,1731.906109,1727.04145,5896,2164,2149,0.54,105,0.048859935,475,0.221033039,1569,0.730107027,2697,629,815,1253,0.233222099,1441,854,68,85,136,298,854,68,85,51,298,27,58,0,567,581,293,0.393476752,1.25300988,3.413930801,0.834374878,0.494487263,0.039373693,0.049217116,0.078747386,0.17254942,0.494487263,0.039373693,0.049217116,0.02953027,0.17254942,0.015633672,0.033583444,0,2.087384758,0,0.670544439,0.726836135,0.726836135,0.652191936,0.610311414,0.637987776,0.716394714,0.787673498,0.70691517,0.392803598,0.696471725,1.871616933,0.41827468,14.53752924,1.587995937,3.621955224,9.327578081,45.09768723,2.956280351,5.912560703,5.912560703,37.32303944,10.34698123,882.46,0,0,3,1.108605132,0.00050882,29921,31249,13805,13650,0.010177076,0.889129918,0.00967067,0.79998464,0.014283305,0.524147619,0.014324558,0.590244746,14,12,9,13,11.66666667,12121.6163,7015382.223
"48","G55010500030024",535342071,"53534-2071",53534,"WI","G55010500030024",551050030024,"41","3",NA,"Match",213978,5.5105e+11,5.5105e+11,"55","105","003002",4,357,"Madison-Janesville-Beloit, WI",27500,"Janesville-Beloit, WI",161769,65865,76405,25479.01523,628.4504184,24850.56481,24811.27979,2318,955,868,0.606,0,0,171,0.197004608,697,0.802995392,904,229,290,385,0.253318584,217,0,3,176,35,3,0,1,176,28,3,7,0,2,34,74,109,0.156682028,0.038490558,0.093425249,0.008746022,0,0.000120913,0.007093548,0.001410649,0.000120913,0,4.03e-05,0.007093548,0.001128519,0.000120913,0.00028213,0,8.06e-05,0.04723658,0,0.25,0.420188875,0.361930997,0.375058865,0.323171033,0.383303707,0.292909779,0.246649972,0.006331474,0.171203156,0.387154326,4.165898618,0.042176224,2.141924873,1.338246025,0.402579453,0.401099395,1.425635203,1.364958916,0.437817011,0.051507884,1.313451032,0.206031534,-99999,0,0,-99999,-99999,-99999,20161,21437,-99999,-99999,0.006857392,0.599102579,0.006634137,0.548794225,-99999,-99999,-99999,-99999,7,4,2,1,2.833333333,44170.31916,103112178.1
"49","G55011100001004",539658421,"53965-8421",53965,"WI","G55011100001041",551110001041,"68","7",NA,"No",214262,5.5111e+11,5.5111e+11,"55","111","000100",4,357,"Madison-Janesville-Beloit, WI",12660,"Baraboo, WI",63596,35232,34853,4235.723213,206.4448841,4029.278329,3969.78366,1838,1810,932,0.651,55,0.059012876,422,0.4527897,455,0.488197425,1052,302,423,327,0.287072243,2395,492,56,77,279,1491,492,56,77,252,1491,0,27,0,1162,843,390,0.485177453,0.455944242,0.462997523,0.603307436,0.123936225,0.014106562,0.019396523,0.070280908,0.375587218,0.123936225,0.014106562,0.019396523,0.06347953,0.375587218,0,0.006801378,0,1.059251677,0,2.569742489,0.664176109,0.664176109,0.617263389,0.531867571,0.760470914,0.554149835,0.610388635,0.415688722,0.868414836,0.610385843,0.439248434,0.570779924,7.697707848,1.270692373,1.39629043,5.030725044,23.09336621,1.588373768,5.082796057,2.064885898,21.91955799,3.017910159,-99999,0,0,-99999,-99999,-99999,11193,8715,-99999,-99999,0.037916024,0.622006113,0.030608589,0.530496713,-99999,-99999,-99999,-99999,18,9,7,1,7.166666667,19786.69925,17141736.83
"50","G55012700004004",53190,"53190",53190,"WI","G55012700004004",551270004004,"47","4",NA,"Match",212933,5.5127e+11,5.5127e+11,"55","127","000400",4,376,"Milwaukee-Racine-Waukesha, WI",48580,"Whitewater, WI",103013,40932,49690,407.257865,69.3886452,337.8692198,337.86922,554,361,260,0.736,17,0.065384615,74,0.284615385,169,0.65,369,104,121,144,0.281842818,868,88,236,48,148,348,88,153,48,56,348,0,92,83,477,207,184,0.549539171,1.068460749,1.639687687,2.569041359,0.260455806,0.698495116,0.142066803,0.43803931,1.029984324,0.260455806,0.452837935,0.142066803,0.165744604,1.029984324,0,0.272294706,0.245657181,3.637502108,0,3.338461538,0.878754381,0.878754381,0.875533367,0.819310969,0.90870727,0.661733143,0.723886676,0.418238743,0.779184248,0.596604689,0.425115207,0.5627697,15.73822803,0.98060647,3.117510867,11.6401107,72.63402098,0,15.15379236,7.576896178,51.1440492,20.83646449,-99999,0,0,-99999,-99999,-99999,21420,23854,-99999,-99999,0.010823719,0.399090774,0.01026556,0.428573995,-99999,-99999,-99999,-99999,20,19,12,1,10.83333333,5680.968794,1648151.048
"51","G55012700007021",531151127,"53115-1127",53115,"WI","G55012700007021",551270007021,"68","7",NA,"Match",216822,5.5127e+11,5.5127e+11,"55","127","000702",1,376,"Milwaukee-Racine-Waukesha, WI",48580,"Whitewater, WI",103013,40932,49690,1141.54319,98.733747,1042.809443,1042.809443,1138,488,446,0.638,101,0.226457399,105,0.235426009,240,0.538116592,656,165,260,231,0.25152439,105,0,1,2,102,0,0,1,2,31,0,1,70,0,32,49,24,0.304761905,0.46796661,1.091282791,0.100689537,0,0.000958948,0.001917896,0.097812693,0,0,0.000958948,0.001917896,0.029727387,0,0.000958948,0.067126358,0,0.568656147,0,0.235426009,0.134648789,0.091912097,0.493702514,0.382113913,0.371657757,0.377611306,0.417945187,0.578034088,0.168946098,0.275952694,6.247619048,0.005260027,4.802848504,0.293653912,0.876925572,3.63226902,27.42130903,0,1.227453403,0,23.32161466,11.04708063,-99999,0,0,-99999,-99999,-99999,25653,30574,-99999,-99999,0.012962693,0.477958712,0.01315751,0.549309186,-99999,-99999,-99999,-99999,7,5,7,1,4.666666667,13602.1075,4619760.813
"52","G55013104201052",530901168,"53090-1168",53090,"WI","G55013104201052",551314201052,"39","2",NA,"Match",216847,5.51314e+11,5.51314e+11,"55","131","420105",2,376,"Milwaukee-Racine-Waukesha, WI",33340,"Milwaukee-Waukesha, WI",1575907,856719,779865,791.1825712,22.5500989,768.6324723,698.70343,2601,977,960,0.648,57,0.059375,314,0.327083333,589,0.613541667,1267,288,412,567,0.227308603,1547,47,896,437,166,1,47,5,437,21,1,0,145,891,176,584,787,0.113768584,1.398304285,3.722609463,2.214101053,0.067267453,1.28237527,0.625444189,0.237582918,0.001431222,0.067267453,0.007156112,0.625444189,0.03005567,0.001431222,0,0.207527248,1.275219158,3.612405338,0,1.611458333,0.636134664,0.636134664,0.557350662,0.521560375,0.724008812,0.700503809,0.699798199,0.923852491,0.745901639,0.900497512,0.819004525,0.834439134,7.552365769,0,1.483882598,6.068483171,26.0993397,0,3.330590487,0.832647622,25.81207627,5.828533352,-99999,0,0,-99999,-99999,-99999,24940,25639,-99999,-99999,0.000149758,0.120492405,0.000173332,0.143403677,-99999,-99999,-99999,-99999,17,9,7,1,7,7842.594429,3201873.578
"53","G55014100106005",54449,"54449",54449,"WI","G55014100106005",551410106005,"93","10",NA,"Match",216868,5.5141e+11,5.5141e+11,"55","141","010600",5,554,"Wausau-Stevens Point-Wisconsin Rapids, WI",49220,"Wisconsin Rapids-Marshfield, WI",73274,39593,38537,241.7784544,0,241.7784544,220.98956,862,727,521,0.52,116,0.222648752,275,0.527831094,130,0.249520154,554,141,210,203,0.254512635,1303,76,398,339,252,238,76,160,339,128,238,0,124,238,402,538,363,0.308518803,3.289748167,3.900636754,5.896206138,0.343907649,1.800990056,1.534009118,1.140325362,1.076973953,0.343907649,0.724016103,1.534009118,0.579212882,1.076973953,0,0.56111248,1.076973953,9.185954305,0,2.500959693,0.936100926,0.936100926,0.948884307,0.887951676,0.934531707,0.810883292,0.851657982,0.47971983,0.79630485,0.596661282,0.425172678,0.562802044,27.82610083,0,3.202661212,24.62343962,202.9785496,0,2.647051416,10.58820566,111.1761595,116.4702623,-99999,0,0,-99999,-99999,-99999,11234,8495,-99999,-99999,0.021540509,0.842823918,0.017912909,0.904974965,-99999,-99999,-99999,-99999,20,20,19,1,13.33333333,4669.945319,978465.7464
